time,270_x
0.0,661
0.04,662
0.08,663
0.12,662
0.16,662
0.2,662
0.24,662
0.28,663
0.32,663
0.36,663
0.4,663
0.44,663
0.48,663
0.52,663
0.56,663
0.6,664
0.64,664
0.68,664
0.72,663
0.76,663
0.8,662
0.84,662
0.88,662
0.92,662
0.96,662
1.0,662
1.04,662
1.08,662
1.12,662
1.16,662
1.2,663
1.24,662
1.28,663
1.32,663
1.36,663
1.4,663
1.44,663
1.48,663
1.52,663
1.56,663
1.6,663
1.64,663
1.68,663
1.72,663
1.76,663
1.8,663
1.84,663
1.88,663
1.92,662
1.96,662
2.0,662
2.04,662
2.08,662
2.12,662
2.16,662
2.2,662
2.24,662
2.28,662
2.32,662
2.36,663
2.4,663
2.44,663
2.48,663
2.52,663
2.56,663
2.6,663
2.64,663
2.68,663
2.72,663
2.76,663
2.8,663
2.84,663
2.88,663
2.92,663
2.96,663
3.0,663
3.04,663
3.08,663
3.12,663
3.16,662
3.2,662
3.24,662
3.28,662
3.32,661
3.36,662
3.4,661
3.44,661
3.48,663
3.52,663
3.56,662
3.6,662
3.64,662
3.68,662
3.72,662
3.76,661
3.8,660
3.84,660
3.88,660
3.92,661
3.96,661
4.0,660
4.04,661
4.08,661
4.12,661
4.16,661
4.2,661
4.24,661
4.28,662
4.32,662
4.36,663
4.4,662
4.44,662
4.48,662
4.52,662
4.56,662
4.6,662
4.64,662
4.68,662
4.72,662
4.76,662
4.8,663
4.84,663
4.88,662
4.92,662
4.96,662
5.0,662
5.04,662
5.08,661
5.12,661
5.16,661
5.2,660
5.24,660
5.28,660
5.32,660
5.36,661
5.4,661
5.44,661
5.48,661
5.52,661
5.56,661
5.6,660
5.64,660
5.68,660
5.72,661
5.76,661
5.8,661
5.84,660
5.88,660
5.92,660
5.96,659
6.0,659
6.04,659
6.08,659
6.12,660
6.16,659
6.2,660
6.24,660
6.28,659
6.32,657
6.36,658
6.4,658
6.44,658
6.48,658
6.52,657
6.56,656
6.6,656
6.64,656
6.68,657
6.72,657
6.76,657
6.8,657
6.84,657
6.88,657
6.92,657
6.96,657
7.0,657
7.04,657
7.08,658
7.12,658
7.16,658
7.2,659
7.24,659
7.28,659
7.32,660
7.36,660
7.4,660
7.44,661
7.48,661
7.52,661
7.56,661
7.6,661
7.64,661
7.68,661
7.72,661
7.76,661
7.8,661
7.84,661
7.88,661
7.92,661
7.96,661
8.0,660
8.04,660
8.08,659
8.12,659
8.16,659
8.2,659
8.24,658
8.28,658
8.32,658
8.36,658
8.4,658
8.44,659
8.48,658
8.52,659
8.56,659
8.6,659
8.64,659
8.68,659
8.72,659
8.76,659
8.8,659
8.84,659
8.88,659
8.92,659
8.96,659
9.0,659
9.04,659
9.08,660
9.12,660
9.16,659
9.2,660
9.24,661
9.28,661
9.32,661
9.36,661
9.4,660
9.44,659
9.48,660
9.52,660
9.56,659
9.6,658
9.64,658
9.68,659
9.72,659
9.76,660
9.8,661
9.84,660
9.88,660
9.92,660
9.96,659
10.0,658
10.04,658
10.08,658
10.12,658
10.16,658
10.2,658
10.24,658
10.28,658
10.32,658
10.36,658
10.4,658
10.44,658
10.48,658
10.52,658
10.56,657
10.6,658
10.64,658
10.68,657
10.72,658
10.76,658
10.8,659
10.84,659
10.88,659
10.92,659
10.96,659
11.0,660
11.04,660
11.08,660
11.12,659
11.16,659
11.2,660
11.24,659
11.28,660
11.32,659
11.36,659
11.4,659
11.44,660
11.48,661
11.52,661
11.56,661
11.6,661
11.64,661
11.68,661
11.72,661
11.76,661
11.8,660
11.84,660
11.88,660
11.92,660
11.96,659
12.0,659
12.04,659
12.08,659
12.12,658
12.16,658
12.2,658
12.24,658
12.28,658
12.32,658
12.36,658
12.4,658
12.44,658
12.48,658
12.52,659
12.56,659
12.6,659
12.64,660
12.68,660
12.72,661
12.76,662
12.8,662
12.84,663
12.88,663
12.92,662
12.96,661
13.0,659
13.04,657
13.08,655
13.12,654
13.16,653
13.2,653
13.24,652
13.28,652
13.32,651
13.36,650
13.4,649
13.44,649
13.48,648
13.52,648
13.56,649
13.6,649
13.64,650
13.68,650
13.72,650
13.76,650
13.8,650
13.84,650
13.88,650
13.92,649
13.96,650
14.0,653
14.04,657
14.08,657
14.12,659
14.16,661
14.2,662
14.24,662
14.28,664
14.32,665
14.36,665
14.4,666
14.44,667
14.48,667
14.52,668
14.56,667
14.6,667
14.64,666
14.68,665
14.72,663
14.76,664
14.8,665
14.84,663
14.88,661
14.92,663
14.96,661
15.0,660
15.04,658
15.08,659
15.12,659
15.16,660
15.2,660
15.24,660
15.28,661
15.32,660
15.36,658
15.4,658
15.44,657
15.48,658
15.52,658
15.56,658
15.6,658
15.64,657
15.68,657
15.72,657
15.76,658
15.8,659
15.84,660
15.88,661
15.92,661
15.96,661
16.0,661
16.04,662
16.08,660
16.12,660
16.16,660
16.2,659
16.24,659
16.28,658
16.32,659
16.36,659
16.4,659
16.44,659
16.48,659
16.52,658
16.56,658
16.6,659
16.64,658
16.68,658
16.72,659
16.76,659
16.8,659
16.84,658
16.88,658
16.92,658
16.96,658
17.0,658
17.04,658
17.08,658
17.12,658
17.16,658
17.2,657
17.24,657
17.28,657
17.32,657
17.36,657
17.4,657
17.44,657
17.48,657
17.52,657
17.56,657
17.6,658
17.64,658
17.68,658
17.72,657
17.76,656
17.8,658
17.84,660
17.88,662
17.92,662
17.96,664
18.0,664
18.04,664
18.08,662
18.12,662
18.16,663
18.2,662
18.24,663
18.28,663
18.32,662
18.36,663
18.4,662
18.44,662
18.48,661
18.52,660
18.56,659
18.6,659
18.64,659
18.68,659
18.72,658
18.76,657
18.8,655
18.84,653
18.88,653
18.92,652
18.96,651
19.0,653
19.04,653
19.08,652
19.12,651
19.16,652
19.2,652
19.24,652
19.28,653
19.32,652
19.36,653
19.4,652
19.44,652
19.48,651
19.52,651
19.56,648
19.6,648
19.64,647
19.68,648
19.72,649
19.76,651
19.8,651
19.84,650
19.88,649
19.92,648
19.96,647
20.0,646
20.04,647
20.08,648
20.12,649
20.16,650
20.2,650
20.24,650
20.28,651
20.32,651
20.36,652
20.4,655
20.44,654
20.48,655
20.52,655
20.56,656
20.6,656
20.64,655
20.68,655
20.72,654
20.76,652
20.8,651
20.84,652
20.88,652
20.92,654
20.96,655
21.0,655
21.04,655
21.08,655
21.12,655
21.16,655
21.2,655
21.24,656
21.28,656
21.32,656
21.36,656
21.4,656
21.44,656
21.48,656
21.52,656
21.56,657
21.6,657
21.64,657
21.68,657
21.72,657
21.76,657
21.8,657
21.84,656
21.88,656
21.92,656
21.96,656
22.0,656
22.04,656
22.08,656
22.12,655
22.16,655
22.2,655
22.24,655
22.28,655
22.32,656
22.36,656
22.4,656
22.44,655
22.48,655
22.52,655
22.56,657
22.6,658
22.64,661
22.68,664
22.72,665
22.76,665
22.8,664
22.84,663
22.88,661
22.92,659
22.96,657
23.0,656
23.04,655
23.08,654
23.12,655
23.16,655
23.2,657
23.24,657
23.28,656
23.32,655
23.36,655
23.4,651
23.44,652
23.48,650
23.52,651
23.56,653
23.6,656
23.64,658
23.68,659
23.72,660
23.76,660
23.8,659
23.84,658
23.88,657
23.92,656
23.96,654
24.0,653
24.04,654
24.08,653
24.12,653
24.16,653
24.2,654
24.24,655
24.28,655
24.32,654
24.36,654
24.4,655
24.44,656
24.48,657
24.52,659
24.56,661
24.6,662
24.64,662
24.68,661
24.72,662
24.76,658
24.8,660
24.84,659
24.88,657
24.92,658
24.96,659
25.0,659
25.04,658
25.08,656
25.12,655
25.16,656
25.2,655
25.24,656
25.28,657
25.32,656
25.36,656
25.4,657
25.44,657
25.48,656
25.52,655
25.56,656
25.6,655
25.64,653
25.68,652
25.72,652
25.76,652
25.8,652
25.84,652
25.88,653
25.92,653
25.96,654
26.0,655
26.04,655
26.08,655
26.12,655
26.16,655
26.2,655
26.24,655
26.28,655
26.32,654
26.36,654
26.4,654
26.44,654
26.48,653
26.52,653
26.56,652
26.6,652
26.64,651
26.68,651
26.72,649
26.76,646
26.8,645
26.84,645
26.88,647
26.92,648
26.96,649
27.0,650
27.04,651
27.08,652
27.12,653
27.16,654
27.2,655
27.24,654
27.28,653
27.32,653
27.36,653
27.4,654
27.44,653
27.48,655
27.52,655
27.56,655
27.6,654
27.64,653
27.68,652
27.72,652
27.76,651
27.8,650
27.84,651
27.88,651
27.92,651
27.96,651
28.0,651
28.04,651
28.08,651
28.12,651
28.16,652
28.2,652
28.24,652
28.28,652
28.32,653
28.36,653
28.4,653
28.44,653
28.48,654
28.52,654
28.56,654
28.6,655
28.64,656
28.68,656
28.72,657
28.76,657
28.8,656
28.84,656
28.88,656
28.92,656
28.96,657
29.0,658
29.04,658
29.08,658
29.12,658
29.16,659
29.2,659
29.24,659
29.28,659
29.32,659
29.36,659
29.4,657
29.44,656
29.48,656
29.52,656
29.56,656
29.6,656
29.64,656
29.68,656
29.72,656
29.76,655
29.8,655
29.84,654
29.88,653
29.92,652
29.96,651
30.0,651
30.04,650
30.08,650
30.12,648
30.16,648
30.2,648
30.24,646
30.28,642
30.32,639
30.36,640
30.4,644
30.44,649
30.48,653
30.52,655
30.56,655
30.6,657
30.64,657
30.68,659
30.72,661
30.76,663
30.8,660
30.84,655
30.88,652
30.92,650
30.96,648
31.0,648
31.04,647
31.08,647
31.12,647
31.16,647
31.2,647
31.24,648
31.28,647
31.32,648
31.36,647
31.4,647
31.44,646
31.48,646
31.52,646
31.56,646
31.6,645
31.64,644
31.68,643
31.72,643
31.76,642
31.8,644
31.84,646
31.88,648
31.92,649
31.96,649
32.0,649
32.04,650
32.08,650
32.12,650
32.16,650
32.2,647
32.24,645
32.28,644
32.32,644
32.36,643
32.4,643
32.44,644
32.48,644
32.52,643
32.56,645
32.6,645
32.64,647
32.68,648
32.72,648
32.76,649
32.8,649
32.84,650
32.88,650
32.92,651
32.96,651
33.0,651
33.04,651
33.08,650
33.12,650
33.16,650
33.2,650
33.24,649
33.28,649
33.32,649
33.36,649
33.4,649
33.44,649
33.48,649
33.52,649
33.56,649
33.6,650
33.64,650
33.68,650
33.72,650
33.76,650
33.8,650
33.84,650
33.88,650
33.92,650
33.96,650
34.0,650
34.04,650
34.08,650
34.12,650
34.16,650
34.2,650
34.24,650
34.28,650
34.32,651
34.36,651
34.4,651
34.44,651
34.48,651
34.52,652
34.56,653
34.6,653
34.64,653
34.68,654
34.72,654
34.76,654
34.8,655
34.84,656
34.88,658
34.92,659
34.96,660
35.0,660
35.04,661
35.08,660
35.12,660
35.16,659
35.2,658
35.24,656
35.28,655
35.32,654
35.36,654
35.4,654
35.44,654
35.48,653
35.52,652
35.56,651
35.6,650
35.64,650
35.68,650
35.72,650
35.76,649
35.8,650
35.84,650
35.88,649
35.92,650
35.96,650
36.0,650
36.04,650
36.08,650
36.12,650
36.16,650
36.2,648
36.24,648
36.28,648
36.32,649
36.36,650
36.4,650
36.44,650
36.48,649
36.52,646
36.56,646
36.6,646
36.64,648
36.68,648
36.72,648
36.76,647
36.8,647
36.84,648
36.88,648
36.92,648
36.96,650
37.0,652
37.04,654
37.08,655
37.12,656
37.16,656
37.2,658
37.24,657
37.28,656
37.32,653
37.36,651
37.4,651
37.44,650
37.48,649
37.52,648
37.56,649
37.6,649
37.64,649
37.68,650
37.72,650
37.76,650
37.8,650
37.84,650
37.88,650
37.92,651
37.96,650
38.0,652
38.04,651
38.08,650
38.12,650
38.16,650
38.2,651
38.24,651
38.28,651
38.32,652
38.36,652
38.4,653
38.44,652
38.48,652
38.52,650
38.56,645
38.6,640
38.64,637
38.68,636
38.72,635
38.76,635
38.8,636
38.84,636
38.88,636
38.92,636
38.96,638
39.0,639
39.04,640
39.08,641
39.12,642
39.16,643
39.2,643
39.24,643
39.28,643
39.32,643
39.36,643
39.4,640
39.44,638
39.48,637
39.52,637
39.56,637
39.6,637
39.64,636
39.68,637
39.72,637
39.76,637
39.8,639
39.84,638
39.88,639
39.92,639
39.96,641
40.0,643
40.04,644
40.08,645
40.12,644
40.16,644
40.2,643
40.24,643
40.28,641
40.32,639
40.36,637
40.4,637
40.44,637
40.48,638
40.52,640
40.56,641
40.6,643
40.64,645
40.68,647
40.72,648
40.76,649
40.8,649
40.84,649
40.88,651
40.92,653
40.96,656
41.0,658
41.04,659
41.08,659
41.12,658
41.16,655
41.2,654
41.24,651
41.28,650
41.32,647
41.36,645
41.4,642
41.44,638
41.48,635
41.52,634
41.56,635
41.6,636
41.64,637
41.68,638
41.72,639
41.76,642
41.8,645
41.84,649
41.88,651
41.92,653
41.96,652
42.0,650
42.04,650
42.08,650
42.12,651
42.16,651
42.2,651
42.24,651
42.28,652
42.32,652
42.36,652
42.4,651
42.44,651
42.48,652
42.52,651
42.56,651
42.6,650
42.64,649
42.68,649
42.72,650
42.76,650
42.8,651
42.84,651
42.88,651
42.92,651
42.96,652
43.0,651
43.04,652
43.08,652
43.12,652
43.16,652
43.2,652
43.24,652
43.28,651
43.32,651
43.36,651
43.4,650
43.44,650
43.48,651
43.52,651
43.56,651
43.6,651
43.64,652
43.68,653
43.72,653
43.76,652
43.8,652
43.84,652
43.88,652
43.92,652
