time,0_y,13_y,14_y,17_y,37_y
0.0,310,319,319,331,309
0.04,309,317,318,331,308
0.08,309,318,318,331,308
0.12,309,317,318,331,308
0.16,308,317,318,330,307
0.2,308,317,318,330,307
0.24,308,317,318,330,307
0.28,309,317,318,330,307
0.32,309,317,318,330,307
0.36,309,317,318,330,307
0.4,309,317,318,330,307
0.44,309,317,318,331,308
0.48,309,317,318,330,308
0.52,309,317,318,331,307
0.56,308,317,317,330,307
0.6,308,316,317,330,306
0.64,307,316,317,329,306
0.68,306,315,317,330,305
0.72,307,316,317,330,306
0.76,306,315,316,329,305
0.8,306,314,316,328,304
0.84,305,314,315,328,304
0.88,305,314,315,328,304
0.92,305,314,315,328,304
0.96,305,314,315,328,304
1.0,305,314,315,328,304
1.04,305,314,315,328,304
1.08,306,315,316,329,305
1.12,306,315,316,329,305
1.16,307,315,316,329,305
1.2,307,315,316,329,305
1.24,306,315,316,329,305
1.28,306,315,316,329,305
1.32,307,315,316,329,306
1.36,307,316,316,329,306
1.4,307,316,317,329,306
1.44,307,316,316,329,306
1.48,307,316,317,330,306
1.52,307,316,317,329,306
1.56,308,316,317,330,307
1.6,308,316,317,329,307
1.64,308,317,317,330,307
1.68,309,317,318,331,308
1.72,309,318,318,331,308
1.76,309,318,318,331,308
1.8,309,318,318,331,308
1.84,309,318,318,331,308
1.88,309,318,318,331,308
1.92,309,318,318,331,308
1.96,309,318,318,331,308
2.0,309,318,318,331,308
2.04,309,318,318,331,308
2.08,309,318,318,331,308
2.12,309,318,318,331,308
2.16,309,318,318,331,308
2.2,309,318,318,331,308
2.24,309,318,318,331,308
2.28,309,318,318,331,308
2.32,310,318,319,331,308
2.36,310,318,319,331,309
2.4,310,318,319,331,309
2.44,310,318,319,331,308
2.48,310,318,319,331,309
2.52,309,318,319,331,308
2.56,309,318,319,331,308
2.6,309,318,319,331,308
2.64,309,318,319,331,308
2.68,309,318,318,331,308
2.72,309,318,318,331,308
2.76,309,318,318,331,308
2.8,309,318,318,331,308
2.84,309,318,318,331,308
2.88,309,318,318,331,308
2.92,309,318,319,331,308
2.96,309,318,319,331,308
3.0,309,318,319,331,308
3.04,309,318,319,331,308
3.08,309,318,319,331,308
3.12,309,318,318,331,308
3.16,309,318,319,331,308
3.2,309,318,319,331,308
3.24,309,318,319,332,308
3.28,309,318,320,334,308
3.32,308,318,324,339,307
3.36,308,318,327,343,307
3.4,308,318,326,342,307
3.44,310,320,324,338,309
3.48,312,321,322,335,311
3.52,313,322,323,337,312
3.56,314,323,324,338,313
3.6,315,324,325,338,313
3.64,316,325,326,339,315
3.68,316,325,326,339,315
3.72,316,325,326,339,315
3.76,315,324,325,339,314
3.8,315,324,327,342,314
3.84,315,325,328,342,314
3.88,316,325,328,342,315
3.92,316,325,327,341,315
3.96,316,325,327,341,315
4.0,315,324,326,340,314
4.04,316,324,326,340,314
4.08,315,324,326,340,314
4.12,315,324,326,339,314
4.16,315,324,326,339,314
4.2,315,324,326,339,314
4.24,315,323,325,338,314
4.28,315,323,324,337,314
4.32,315,323,324,336,314
4.36,315,323,324,336,314
4.4,315,323,323,336,314
4.44,315,323,323,336,314
4.48,315,323,324,336,314
4.52,315,323,324,336,314
4.56,315,323,324,336,314
4.6,315,323,324,336,314
4.64,315,324,324,336,314
4.68,315,324,324,336,314
4.72,315,324,324,336,314
4.76,315,324,324,336,314
4.8,315,324,324,337,314
4.84,315,324,324,337,315
4.88,315,324,324,337,315
4.92,315,324,324,337,314
4.96,315,324,324,336,314
5.0,315,324,324,336,314
5.04,315,324,324,336,314
5.08,315,324,324,336,314
5.12,315,323,324,336,314
5.16,315,324,324,337,314
5.2,315,324,324,337,314
5.24,315,324,324,337,314
5.28,315,324,324,337,314
5.32,315,324,324,337,314
5.36,315,324,324,337,314
5.4,315,324,324,337,314
5.44,315,324,324,337,315
5.48,315,324,324,337,315
5.52,315,324,324,337,315
5.56,315,324,324,337,315
5.6,315,324,324,337,315
5.64,315,324,324,336,314
5.68,315,323,324,336,314
5.72,315,323,323,336,314
5.76,315,323,323,336,314
5.8,315,323,323,336,314
5.84,315,323,324,336,314
5.88,314,323,324,337,314
5.92,314,323,325,339,314
5.96,313,323,328,343,312
6.0,312,322,328,343,311
6.04,311,321,327,342,310
6.08,311,321,327,342,310
6.12,313,323,330,345,313
6.16,317,327,332,347,316
6.2,322,331,333,347,321
6.24,323,332,334,347,322
6.28,322,331,333,347,321
6.32,319,329,333,348,318
6.36,318,328,331,345,317
6.4,319,328,331,345,318
6.44,320,328,331,345,319
6.48,320,328,332,346,319
6.52,319,328,332,347,318
6.56,319,328,333,348,318
6.6,319,328,334,349,318
6.64,319,328,334,349,318
6.68,320,329,334,348,319
6.72,320,329,334,349,319
6.76,321,330,334,349,319
6.8,322,330,333,348,320
6.84,322,330,333,347,320
6.88,321,330,333,347,320
6.92,322,330,333,346,320
6.96,321,330,332,346,320
7.0,321,330,332,346,320
7.04,321,330,332,345,320
7.08,321,330,332,345,320
7.12,321,329,331,345,320
7.16,321,329,331,345,320
7.2,321,329,331,345,320
7.24,321,329,331,345,320
7.28,321,329,331,344,320
7.32,320,329,330,343,319
7.36,320,329,330,343,319
7.4,320,329,330,343,319
7.44,320,329,330,343,319
7.48,320,328,329,342,319
7.52,319,328,329,342,318
7.56,319,328,329,342,318
7.6,319,328,329,341,318
7.64,319,328,329,341,318
7.68,319,328,329,341,318
7.72,319,328,328,341,318
7.76,319,328,328,341,318
7.8,319,328,328,341,318
7.84,319,328,328,341,318
7.88,319,328,328,341,318
7.92,319,328,328,341,318
7.96,319,327,328,341,318
8.0,319,328,329,342,318
8.04,319,327,328,341,318
8.08,318,327,328,341,317
8.12,318,327,328,341,317
8.16,318,326,328,340,317
8.2,317,326,327,340,316
8.24,317,326,327,340,316
8.28,317,326,327,340,316
8.32,317,326,327,340,316
8.36,317,326,327,340,316
8.4,317,326,327,340,316
8.44,317,326,327,340,316
8.48,317,326,327,340,316
8.52,317,326,327,340,316
8.56,317,326,327,340,316
8.6,317,326,327,340,316
8.64,317,326,327,340,316
8.68,317,326,327,340,316
8.72,317,326,327,340,316
8.76,317,325,327,340,316
8.8,316,325,327,340,316
8.84,316,325,326,339,315
8.88,316,325,326,339,315
8.92,316,325,326,339,315
8.96,316,325,326,339,315
9.0,316,325,326,340,315
9.04,316,325,326,340,315
9.08,315,324,326,340,314
9.12,315,324,326,340,314
9.16,314,323,326,340,312
9.2,312,322,325,340,311
9.24,310,320,326,340,309
9.28,310,320,327,342,308
9.32,309,319,328,344,308
9.36,311,321,328,343,309
9.4,311,321,327,342,310
9.44,312,321,326,341,311
9.48,312,322,328,343,311
9.52,313,323,332,347,312
9.56,313,323,335,350,312
9.6,315,325,333,349,314
9.64,314,324,334,349,313
9.68,314,324,337,352,313
9.72,316,326,341,356,315
9.76,319,329,342,357,318
9.8,320,329,341,356,319
9.84,321,330,338,353,320
9.88,320,329,334,349,319
9.92,320,329,331,344,319
9.96,320,328,330,344,319
10.0,321,329,332,345,320
10.04,322,331,335,350,320
10.08,322,331,338,353,321
10.12,322,331,336,351,321
10.16,323,331,335,350,321
10.2,323,332,336,350,322
10.24,324,332,336,351,322
10.28,324,333,337,351,323
10.32,324,333,337,351,323
10.36,325,333,338,352,323
10.4,324,333,338,353,322
10.44,324,333,339,353,323
10.48,324,333,338,353,322
10.52,323,333,338,353,322
10.56,325,334,337,352,323
10.6,325,333,335,348,324
10.64,324,333,334,347,323
10.68,324,332,333,346,322
10.72,323,331,332,345,322
10.76,322,331,331,344,321
10.8,322,330,331,344,321
10.84,322,330,330,343,321
10.88,321,329,330,342,320
10.92,321,329,329,342,320
10.96,320,328,329,342,319
11.0,320,328,329,342,319
11.04,320,328,329,341,319
11.08,320,328,329,341,319
11.12,320,328,329,342,319
11.16,319,327,328,341,318
11.2,318,327,328,341,317
11.24,318,326,327,340,317
11.28,318,326,327,340,317
11.32,317,326,327,339,316
11.36,317,326,327,339,316
11.4,317,325,326,339,316
11.44,317,325,326,339,316
11.48,317,325,326,339,316
11.52,317,325,326,338,316
11.56,316,325,326,338,315
11.6,316,325,326,338,315
11.64,316,325,326,338,315
11.68,317,325,326,339,316
11.72,317,325,326,339,316
11.76,317,325,327,340,316
11.8,317,325,327,340,316
11.84,317,325,326,339,316
11.88,317,325,326,339,316
11.92,316,325,326,339,315
11.96,316,325,326,339,315
12.0,316,325,326,338,315
12.04,315,324,325,338,314
12.08,314,323,324,337,313
12.12,313,323,323,336,313
12.16,313,322,323,336,312
12.2,312,321,322,334,311
12.24,311,320,321,334,310
12.28,311,320,321,334,310
12.32,311,320,321,334,310
12.36,311,320,321,334,310
12.4,311,320,321,334,310
12.44,311,320,321,334,310
12.48,311,320,321,334,310
12.52,311,320,321,334,310
12.56,312,321,322,335,311
12.6,312,321,322,335,311
12.64,313,322,323,336,312
12.68,313,322,323,336,312
12.72,313,322,323,336,312
12.76,313,322,323,336,312
12.8,312,321,322,335,311
12.84,311,320,321,334,310
12.88,309,318,320,333,308
12.92,307,317,318,331,306
12.96,305,315,316,330,304
13.0,304,314,315,328,303
13.04,303,313,315,328,303
13.08,303,313,315,328,302
13.12,302,312,316,330,301
13.16,301,311,321,336,300
13.2,302,312,324,340,301
13.24,303,314,325,341,302
13.28,305,316,325,341,304
13.32,307,317,323,339,305
13.36,308,318,323,338,307
13.4,311,321,326,340,310
13.44,313,323,328,342,312
13.48,316,325,330,345,314
13.52,318,327,332,347,316
13.56,320,329,334,349,318
13.6,321,330,336,350,320
13.64,322,331,336,351,320
13.68,322,332,338,352,321
13.72,323,332,338,352,321
13.76,323,333,339,354,322
13.8,324,333,340,354,322
13.84,324,333,340,355,323
13.88,324,333,340,355,322
13.92,325,335,340,355,323
13.96,325,335,343,359,323
14.0,325,336,350,366,324
14.04,325,335,348,365,324
14.08,326,336,342,358,324
14.12,327,337,338,353,325
14.16,327,337,338,352,326
14.2,326,335,337,351,325
14.24,323,333,338,353,322
14.28,322,332,338,354,321
14.32,321,331,337,352,320
14.36,320,330,334,349,319
14.4,317,327,332,347,316
14.44,315,325,330,344,315
14.48,314,324,328,342,313
14.52,313,323,329,344,313
14.56,313,324,336,352,313
14.6,316,327,340,356,316
14.64,317,328,339,355,316
14.68,318,328,340,356,317
14.72,319,329,335,350,318
14.76,317,327,334,350,316
14.8,316,326,339,354,315
14.84,317,327,341,357,316
14.88,320,330,336,351,319
14.92,321,330,331,345,320
14.96,321,330,331,344,320
15.0,321,330,331,345,320
15.04,320,330,334,350,319
15.08,320,330,342,358,319
15.12,319,329,341,356,318
15.16,318,328,338,354,317
15.2,317,327,336,352,316
15.24,316,326,338,353,315
15.28,316,326,340,356,315
15.32,317,327,340,356,315
15.36,317,327,338,354,315
15.4,317,327,335,351,316
15.44,316,326,334,350,315
15.48,316,326,335,351,315
15.52,317,327,337,353,316
15.56,318,328,338,354,316
15.6,318,328,339,354,317
15.64,319,329,338,354,317
15.68,318,328,340,356,317
15.72,320,330,341,357,319
15.76,322,331,343,358,320
15.8,320,330,342,357,319
15.84,322,331,337,352,320
15.88,321,330,334,348,320
15.92,321,329,333,347,319
15.96,321,329,332,346,319
16.0,322,330,332,346,320
16.04,322,330,331,344,320
16.08,322,330,331,344,320
16.12,321,330,331,344,320
16.16,321,329,330,343,319
16.2,320,328,329,342,319
16.24,320,328,329,342,318
16.28,319,327,328,341,318
16.32,318,327,327,340,317
16.36,318,326,327,340,317
16.4,318,326,326,339,316
16.44,318,326,326,339,316
16.48,317,326,326,339,316
16.52,317,326,326,339,316
16.56,317,326,326,339,316
16.6,317,325,326,339,315
16.64,316,325,325,338,315
16.68,315,324,325,338,314
16.72,315,324,325,338,314
16.76,314,324,324,338,313
16.8,313,323,324,337,312
16.84,312,321,323,336,311
16.88,311,321,322,335,310
16.92,311,320,321,335,310
16.96,311,320,321,335,310
17.0,311,320,321,334,310
17.04,311,320,321,334,310
17.08,311,320,321,334,310
17.12,310,319,321,334,309
17.16,309,319,320,333,308
17.2,309,318,320,333,308
17.24,308,318,319,332,307
17.28,308,317,318,332,307
17.32,307,317,318,331,306
17.36,307,317,318,331,306
17.4,307,316,317,331,306
17.44,306,316,317,330,305
17.48,306,316,317,330,305
17.52,306,316,317,331,305
17.56,306,316,317,331,305
17.6,306,316,317,331,305
17.64,307,317,318,331,306
17.68,307,317,319,332,306
17.72,308,318,320,334,307
17.76,308,319,325,340,307
17.8,307,318,333,349,307
17.84,308,319,334,350,308
17.88,309,320,332,348,308
17.92,311,322,329,345,310
17.96,311,321,325,340,310
18.0,312,322,325,339,311
18.04,312,322,326,340,311
18.08,314,323,327,341,313
18.12,316,325,329,343,315
18.16,317,327,332,347,316
18.2,320,329,336,351,319
18.24,320,330,336,351,319
18.28,321,330,333,348,320
18.32,321,331,334,349,320
18.36,323,333,334,348,322
18.4,324,333,334,348,323
18.44,323,333,334,348,322
18.48,323,332,333,347,322
18.52,320,330,333,348,319
18.56,319,329,334,349,318
18.6,320,330,334,348,319
18.64,322,331,332,346,320
18.68,320,330,331,345,319
18.72,320,330,331,345,319
18.76,322,332,334,348,321
18.8,322,333,337,351,321
18.84,324,334,339,354,323
18.88,325,335,341,356,323
18.92,323,333,341,357,322
18.96,322,332,340,356,321
19.0,320,330,337,353,319
19.04,318,328,334,349,317
19.08,320,330,335,350,319
19.12,322,332,338,353,320
19.16,322,332,338,353,321
19.2,323,332,337,352,321
19.24,320,330,338,353,319
19.28,318,328,336,351,316
19.32,316,325,330,344,314
19.36,312,321,323,337,311
19.4,307,316,319,332,305
19.44,303,313,316,330,302
19.48,301,311,317,332,299
19.52,299,310,315,330,298
19.56,298,309,314,329,296
19.6,296,307,315,331,295
19.64,296,308,316,331,295
19.68,298,308,315,330,296
19.72,299,310,315,330,298
19.76,304,315,320,335,302
19.8,308,319,325,341,307
19.84,313,325,329,345,312
19.88,320,330,332,347,318
19.92,324,334,336,350,323
19.96,327,337,338,353,325
20.0,327,337,340,355,325
20.04,325,336,343,359,324
20.08,324,334,343,359,322
20.12,324,334,344,360,322
20.16,324,335,347,363,323
20.2,325,336,347,363,324
20.24,327,337,349,364,325
20.28,328,339,349,364,327
20.32,329,339,348,364,328
20.36,330,340,345,361,328
20.4,330,339,342,357,328
20.44,330,339,341,355,329
20.48,332,341,343,357,330
20.52,333,342,347,362,331
20.56,333,342,348,363,331
20.6,332,341,346,361,330
20.64,331,340,343,358,329
20.68,330,339,343,359,328
20.72,330,339,345,361,328
20.76,330,340,344,360,328
20.8,330,340,345,360,329
20.84,330,339,347,363,328
20.88,329,339,351,367,327
20.92,329,339,350,366,327
20.96,330,340,344,359,328
21.0,330,340,342,356,329
21.04,330,339,342,356,328
21.08,329,339,342,356,328
21.12,329,338,341,356,327
21.16,329,338,339,353,327
21.2,329,338,339,353,328
21.24,329,338,338,352,328
21.28,329,337,338,351,327
21.32,328,337,337,350,327
21.36,328,337,337,350,327
21.4,328,336,337,350,327
21.44,328,336,337,350,326
21.48,328,336,337,350,326
21.52,328,336,336,349,326
21.56,327,335,336,349,326
21.6,327,335,336,349,325
21.64,327,335,336,349,325
21.68,326,335,336,349,325
21.72,327,335,336,349,325
21.76,326,335,335,348,325
21.8,326,334,335,348,325
21.84,325,334,335,348,324
21.88,325,334,334,347,324
21.92,325,333,334,347,323
21.96,324,333,334,347,323
22.0,324,333,334,346,323
22.04,324,332,333,346,322
22.08,323,332,333,346,322
22.12,323,332,332,345,322
22.16,323,332,332,345,321
22.2,322,331,332,345,321
22.24,321,330,331,344,320
22.28,321,330,330,343,319
22.32,320,330,330,344,319
22.36,318,328,329,342,317
22.4,317,326,327,340,316
22.44,315,324,325,339,314
22.48,313,322,323,337,312
22.52,312,321,323,336,311
22.56,311,321,322,336,310
22.6,311,321,323,337,310
22.64,312,322,323,337,311
22.68,313,323,325,339,312
22.72,313,324,328,343,313
22.76,314,325,330,346,314
22.8,314,325,331,346,314
22.84,315,326,331,347,314
22.88,316,326,332,347,315
22.92,316,326,332,347,315
22.96,317,327,332,347,316
23.0,317,327,330,345,317
23.04,318,328,331,345,317
23.08,318,329,332,347,317
23.12,318,329,334,350,317
23.16,318,328,335,351,317
23.2,316,327,336,352,315
23.24,315,326,338,354,314
23.28,314,325,339,356,313
23.32,315,325,349,366,314
23.36,314,325,347,364,313
23.4,315,326,342,359,314
23.44,315,326,340,356,314
23.48,318,328,338,354,317
23.52,318,329,340,356,317
23.56,319,330,343,359,318
23.6,321,331,344,360,320
23.64,323,334,343,359,322
23.68,325,335,343,359,324
23.72,326,336,345,360,325
23.76,328,338,344,360,326
23.8,330,340,343,358,329
23.84,332,341,343,356,331
23.88,333,342,343,357,332
23.92,333,342,344,358,332
23.96,332,342,345,359,331
24.0,331,341,346,361,329
24.04,330,339,342,357,328
24.08,329,338,341,355,327
24.12,328,338,341,356,326
24.16,328,337,343,359,326
24.2,325,335,342,358,323
24.24,324,334,338,354,322
24.28,322,332,335,350,320
24.32,318,328,334,349,316
24.36,316,326,331,346,314
24.4,314,324,328,343,313
24.44,313,323,327,341,311
24.48,312,322,327,341,310
24.52,311,322,327,342,310
24.56,312,323,329,344,311
24.6,311,322,330,345,310
24.64,312,323,331,347,311
24.68,313,324,334,350,311
24.72,313,324,340,357,312
24.76,319,329,333,349,317
24.8,321,330,331,345,319
24.84,321,331,333,347,320
24.88,324,334,336,350,322
24.92,325,336,340,356,324
24.96,327,338,344,360,326
25.0,331,341,344,359,330
25.04,335,345,347,361,334
25.08,337,347,349,363,336
25.12,338,348,350,364,337
25.16,336,346,350,365,335
25.2,336,346,350,365,335
25.24,336,346,347,362,335
25.28,336,344,346,359,334
25.32,334,344,346,360,333
25.36,335,344,347,361,333
25.4,334,343,346,360,332
25.44,333,342,346,361,331
25.48,331,341,350,365,330
25.52,333,343,348,364,331
25.56,333,342,344,358,331
25.6,330,340,341,356,329
25.64,329,340,342,357,328
25.68,325,337,345,362,324
25.72,323,334,346,363,322
25.76,323,333,346,362,321
25.8,324,334,345,361,322
25.84,324,334,345,362,323
25.88,325,335,349,366,323
25.92,327,338,351,367,326
25.96,331,341,353,369,329
26.0,334,345,353,369,333
26.04,337,347,353,369,336
26.08,339,348,354,369,337
26.12,338,348,354,369,336
26.16,336,346,351,367,334
26.2,335,345,350,366,333
26.24,334,344,352,368,332
26.28,334,344,354,370,333
26.32,334,344,354,370,333
26.36,332,342,354,370,331
26.4,331,341,353,369,330
26.44,331,342,352,368,330
26.48,330,340,350,366,329
26.52,328,338,349,366,326
26.56,326,336,349,365,324
26.6,323,334,347,363,322
26.64,321,332,341,357,320
26.68,320,330,335,351,318
26.72,318,329,334,349,317
26.76,319,330,335,351,318
26.8,321,332,337,353,319
26.84,323,334,335,350,321
26.88,325,335,336,351,323
26.92,326,336,337,351,324
26.96,325,335,336,351,324
27.0,323,334,338,354,321
27.04,322,333,340,356,321
27.08,323,334,339,355,321
27.12,325,335,341,357,323
27.16,329,340,346,362,328
27.2,335,345,352,368,333
27.24,337,347,355,371,335
27.28,336,347,356,373,335
27.32,335,345,355,372,333
27.36,332,342,353,370,330
27.4,332,342,356,373,331
27.44,333,344,359,376,332
27.48,335,345,359,376,334
27.52,336,346,355,372,334
27.56,337,346,351,367,335
27.6,336,345,348,363,334
27.64,336,345,348,362,334
27.68,335,345,347,362,334
27.72,336,345,347,361,334
27.76,336,345,346,359,334
27.8,336,345,346,359,334
27.84,335,344,345,359,334
27.88,335,344,344,357,333
27.92,334,343,343,357,332
27.96,334,342,343,356,332
28.0,333,342,342,355,331
28.04,332,341,342,355,331
28.08,332,340,341,354,330
28.12,331,340,340,353,329
28.16,330,339,339,352,329
28.2,330,338,339,352,328
28.24,329,338,338,351,328
28.28,328,337,337,350,327
28.32,327,336,336,350,326
28.36,326,335,336,349,325
28.4,325,334,335,348,324
28.44,324,333,334,348,323
28.48,323,333,334,348,322
28.52,323,333,335,349,322
28.56,323,334,336,351,322
28.6,323,333,335,351,322
28.64,323,333,335,350,321
28.68,322,332,334,349,320
28.72,321,331,333,349,320
28.76,321,331,333,348,319
28.8,321,331,333,348,319
28.84,320,331,334,350,319
28.88,320,331,334,349,319
28.92,319,330,333,348,318
28.96,317,328,331,346,316
29.0,316,326,329,344,315
29.04,315,325,327,342,314
29.08,313,323,325,339,312
29.12,312,322,324,337,311
29.16,312,322,323,336,311
29.2,311,321,322,335,310
29.24,310,320,321,335,309
29.28,310,319,320,333,308
29.32,309,318,319,332,308
29.36,308,317,318,332,307
29.4,306,316,317,331,305
29.44,304,314,315,329,303
29.48,303,313,314,327,301
29.52,301,312,313,327,300
29.56,301,311,313,326,300
29.6,302,312,314,328,301
29.64,301,312,313,327,300
29.68,302,312,314,328,301
29.72,302,313,314,328,301
29.76,303,314,315,329,302
29.8,303,313,315,329,302
29.84,303,314,315,329,302
29.88,303,314,315,329,302
29.92,303,314,315,329,302
29.96,304,314,315,329,302
30.0,305,315,316,330,303
30.04,306,316,317,331,304
30.08,307,318,319,333,306
30.12,310,322,324,340,309
30.16,313,325,340,357,312
30.2,314,325,345,362,312
30.24,316,327,342,359,314
30.28,316,326,335,351,314
30.32,316,326,334,349,314
30.36,316,327,335,351,314
30.4,318,328,343,359,316
30.44,320,330,344,360,318
30.48,321,330,341,357,319
30.52,324,333,342,357,322
30.56,326,336,345,361,325
30.6,328,338,350,367,326
30.64,327,338,348,364,326
30.68,326,337,342,359,324
30.72,326,336,338,353,324
30.76,324,334,336,350,323
30.8,325,336,337,351,324
30.84,324,335,338,354,323
30.88,322,333,340,356,320
30.92,319,330,344,361,317
30.96,319,330,343,360,317
31.0,321,332,343,360,320
31.04,323,334,345,362,321
31.08,322,333,344,361,320
31.12,321,333,343,360,320
31.16,322,334,342,359,321
31.2,324,336,344,361,323
31.24,328,339,348,364,326
31.28,331,341,347,364,329
31.32,332,342,346,362,330
31.36,332,342,345,361,330
31.4,331,341,343,359,329
31.44,329,340,341,356,328
31.48,327,338,340,355,326
31.52,325,336,338,353,324
31.56,323,334,337,352,322
31.6,323,334,339,355,322
31.64,325,336,341,358,323
31.68,327,338,344,360,325
31.72,329,341,346,362,328
31.76,333,345,352,369,331
31.8,336,347,359,376,334
31.84,338,349,361,378,336
31.88,337,348,360,376,335
31.92,336,347,356,373,334
31.96,336,347,354,371,334
32.0,336,347,353,370,335
32.04,335,346,351,368,334
32.08,334,345,350,367,333
32.12,334,345,351,368,332
32.16,331,343,351,368,330
32.2,330,342,348,365,329
32.24,329,341,345,361,328
32.28,330,341,344,360,328
32.32,330,341,343,359,328
32.36,331,342,344,360,329
32.4,330,341,345,361,329
32.44,329,340,343,359,327
32.48,328,339,343,358,327
32.52,329,340,346,363,327
32.56,331,342,356,373,330
32.6,333,344,352,369,331
32.64,334,344,347,363,332
32.68,334,343,345,360,332
32.72,333,343,344,359,331
32.76,334,343,344,358,332
32.8,334,343,344,359,332
32.84,335,345,345,359,333
32.88,335,345,345,359,333
32.92,335,344,345,359,333
32.96,334,343,344,357,332
33.0,332,342,342,356,331
33.04,333,342,343,356,331
33.08,334,343,343,357,332
33.12,333,342,343,357,331
33.16,333,342,343,356,331
33.2,332,341,342,356,330
33.24,332,341,342,355,330
33.28,332,341,342,355,330
33.32,332,341,341,355,330
33.36,331,340,341,354,329
33.4,331,340,340,354,329
33.44,330,340,340,354,329
33.48,330,339,339,353,328
33.52,330,339,340,353,328
33.56,330,339,339,353,328
33.6,329,339,339,353,328
33.64,329,338,339,353,327
33.68,328,338,339,352,327
33.72,328,338,338,352,327
33.76,327,337,338,351,326
33.8,327,337,338,351,326
33.84,327,337,337,351,325
33.88,326,336,337,350,325
33.92,326,336,336,350,325
33.96,326,336,336,350,325
34.0,325,335,336,350,324
34.04,325,335,336,350,324
34.08,325,335,336,350,324
34.12,325,335,336,350,324
34.16,326,335,336,350,324
34.2,326,335,336,350,324
34.24,326,336,336,350,325
34.28,326,336,336,350,324
34.32,326,336,336,350,325
34.36,326,336,336,350,325
34.4,326,335,336,350,324
34.44,326,335,336,350,324
34.48,326,335,336,350,324
34.52,326,336,336,351,324
34.56,325,335,336,350,324
34.6,324,333,335,348,322
34.64,322,332,333,347,320
34.68,321,331,332,346,319
34.72,319,330,331,345,318
34.76,318,329,330,344,317
34.8,317,328,329,343,316
34.84,317,327,328,342,316
34.88,316,327,328,342,315
34.92,316,326,327,341,315
34.96,316,327,328,343,316
35.0,318,328,329,343,317
35.04,320,330,331,345,319
35.08,323,333,334,348,322
35.12,325,335,336,350,324
35.16,326,337,337,352,325
35.2,326,337,337,351,325
35.24,325,335,337,351,324
35.28,323,333,337,352,322
35.32,322,334,339,355,321
35.36,324,335,344,361,323
35.4,326,337,350,367,325
35.44,327,338,356,373,326
35.48,327,338,357,374,326
35.52,326,338,358,375,325
35.56,326,338,358,375,326
35.6,328,339,355,373,327
35.64,332,343,349,366,330
35.68,333,344,349,365,332
35.72,334,345,349,365,333
35.76,336,347,353,369,335
35.8,339,350,357,374,338
35.84,340,351,357,373,339
35.88,341,352,355,371,340
35.92,342,351,352,366,340
35.96,342,351,351,365,340
36.0,342,351,351,365,340
36.04,341,350,350,364,340
36.08,341,350,350,363,339
36.12,340,349,349,363,339
36.16,340,349,349,363,338
36.2,339,348,349,362,337
36.24,338,347,347,361,336
36.28,337,346,346,360,335
36.32,335,344,345,358,334
36.36,333,343,343,357,332
36.4,330,340,340,353,329
36.44,327,337,337,350,326
36.48,325,335,335,348,323
36.52,324,335,335,349,323
36.56,329,339,339,354,327
36.6,330,341,347,364,329
36.64,333,343,350,366,331
36.68,331,341,349,365,330
36.72,332,342,350,365,330
36.76,334,345,351,367,333
36.8,337,348,351,367,335
36.84,339,350,353,369,338
36.88,342,353,356,372,341
36.92,344,355,359,375,343
36.96,346,357,363,379,345
37.0,348,358,364,380,347
37.04,349,359,364,380,348
37.08,352,362,366,382,350
37.12,357,367,372,388,356
37.16,358,367,373,389,356
37.2,358,367,373,389,357
37.24,356,365,371,387,354
37.28,355,364,370,386,354
37.32,357,366,370,385,355
37.36,359,368,371,386,357
37.4,359,368,370,385,357
37.44,358,367,369,384,356
37.48,356,366,370,386,354
37.52,356,366,372,389,354
37.56,356,366,373,389,354
37.6,356,366,371,388,354
37.64,356,365,368,384,354
37.68,356,365,366,381,354
37.72,355,364,364,379,353
37.76,354,362,363,377,352
37.8,353,361,362,376,351
37.84,352,361,361,376,350
37.88,351,360,360,375,349
37.92,349,358,359,373,347
37.96,348,357,357,372,346
38.0,346,355,356,370,344
38.04,343,353,353,368,341
38.08,340,350,351,366,339
38.12,339,349,349,364,338
38.16,338,348,348,363,337
38.2,337,347,347,361,335
38.24,335,345,346,360,334
38.28,333,344,344,358,332
38.32,331,341,342,357,330
38.36,328,339,340,354,327
38.4,325,335,337,351,324
38.44,323,335,338,354,322
38.48,322,334,339,356,321
38.52,322,334,341,358,321
38.56,322,334,342,359,321
38.6,322,334,340,357,320
38.64,321,333,343,360,320
38.68,323,335,350,368,322
38.72,324,335,351,368,322
38.76,326,338,345,363,324
38.8,326,338,347,364,324
38.84,329,340,351,368,327
38.88,334,345,356,373,332
38.92,337,349,357,374,335
38.96,339,350,359,376,337
39.0,340,351,363,380,338
39.04,341,352,362,379,339
39.08,342,353,359,376,340
39.12,343,353,357,373,341
39.16,342,352,355,371,340
39.2,342,352,354,370,340
39.24,342,352,354,369,340
39.28,342,352,353,369,340
39.32,342,351,353,368,339
39.36,341,351,353,369,339
39.4,340,351,353,369,338
39.44,339,350,353,370,337
39.48,338,349,353,370,336
39.52,338,350,357,375,336
39.56,340,352,359,377,338
39.6,341,353,357,374,340
39.64,342,353,356,373,340
39.68,341,352,355,372,339
39.72,341,352,356,373,339
39.76,341,352,359,377,339
39.8,340,352,360,378,338
39.84,339,350,360,378,337
39.88,340,351,359,377,338
39.92,340,352,358,375,338
39.96,340,351,357,375,338
40.0,340,351,358,375,338
40.04,340,351,359,376,338
40.08,340,352,361,378,339
40.12,340,352,361,378,339
40.16,340,352,361,378,339
40.2,340,352,360,377,339
40.24,339,351,356,373,337
40.28,337,349,354,370,336
40.32,334,345,350,366,332
40.36,331,342,346,362,329
40.4,329,340,344,361,327
40.44,327,339,344,361,326
40.48,326,339,343,361,325
40.52,325,337,343,359,324
40.56,323,336,343,360,322
40.6,321,333,344,361,320
40.64,321,334,344,362,319
40.68,320,332,348,365,318
40.72,319,332,346,364,318
40.76,319,331,345,363,317
40.8,319,331,345,363,318
40.84,321,333,346,364,320
40.88,321,333,345,363,320
40.92,324,336,343,360,323
40.96,325,337,343,359,325
41.0,330,341,347,363,329
41.04,336,346,353,369,335
41.08,340,351,359,375,340
41.12,344,354,365,381,343
41.16,345,356,365,382,344
41.2,347,358,368,385,346
41.24,347,358,369,386,346
41.28,348,358,367,384,346
41.32,349,359,365,381,347
41.36,348,358,365,381,346
41.4,349,360,366,383,347
41.44,350,361,368,385,348
41.48,352,363,371,388,350
41.52,351,361,375,392,349
41.56,348,359,377,394,346
41.6,348,358,375,392,345
41.64,351,361,375,392,348
41.68,352,362,376,393,349
41.72,356,365,380,396,353
41.76,356,366,381,398,354
41.8,358,367,379,396,355
41.84,360,368,378,393,357
41.88,363,371,380,395,361
41.92,366,374,383,398,364
41.96,367,376,385,401,365
42.0,364,374,387,404,363
42.04,361,371,385,402,359
42.08,359,370,385,402,358
42.12,361,371,385,402,359
42.16,363,373,379,396,361
42.2,361,372,376,393,359
42.24,359,369,374,391,357
42.28,357,367,370,386,355
42.32,354,364,367,383,352
42.36,353,363,366,382,351
42.4,354,363,366,382,352
42.44,353,363,366,382,351
42.48,352,362,365,381,350
42.52,350,361,364,380,349
42.56,349,360,363,379,347
42.6,347,358,362,379,345
42.64,346,357,364,381,344
42.68,346,357,365,383,344
42.72,346,357,363,381,344
42.76,345,356,361,378,344
42.8,346,356,360,376,344
42.84,346,356,359,375,344
42.88,346,356,358,374,344
42.92,345,356,358,374,343
42.96,346,355,357,372,344
43.0,345,355,356,370,344
43.04,346,356,356,371,344
43.08,345,355,355,370,343
43.12,345,354,355,369,343
43.16,343,353,353,368,342
43.2,342,352,353,367,341
43.24,342,351,352,366,340
43.28,341,351,351,366,339
43.32,341,350,351,365,339
43.36,340,350,351,365,339
43.4,342,351,352,366,340
43.44,342,352,353,367,341
43.48,343,353,353,367,341
43.52,343,352,353,367,341
43.56,342,352,352,366,340
43.6,341,351,351,366,340
43.64,341,350,351,365,339
43.68,340,350,350,364,338
43.72,339,349,350,364,338
43.76,339,349,349,363,337
43.8,338,348,349,363,337
43.84,338,348,348,363,336
43.88,337,347,348,362,335
43.92,336,346,347,361,334
