time,0_x,13_x,14_x,17_x,37_x
0.0,637,637,637,637,628
0.04,638,638,638,639,629
0.08,638,638,639,639,629
0.12,638,638,638,639,629
0.16,638,638,638,639,629
0.2,638,638,638,639,629
0.24,638,638,638,639,629
0.28,638,638,638,639,629
0.32,638,638,639,639,629
0.36,638,639,639,639,629
0.4,639,639,639,640,630
0.44,639,639,639,640,630
0.48,639,639,639,640,630
0.52,639,639,639,640,630
0.56,639,639,639,640,630
0.6,639,639,639,640,630
0.64,639,639,640,640,630
0.68,639,639,640,640,630
0.72,638,638,639,639,629
0.76,639,639,639,640,629
0.8,638,638,638,639,629
0.84,638,638,638,639,629
0.88,638,638,638,639,628
0.92,637,637,638,638,628
0.96,638,638,638,639,628
1.0,637,637,638,638,628
1.04,637,637,638,638,628
1.08,637,637,638,638,628
1.12,637,638,638,639,628
1.16,637,638,638,639,628
1.2,638,638,638,639,629
1.24,637,638,638,639,628
1.28,638,639,639,639,629
1.32,638,638,639,639,629
1.36,638,639,639,640,629
1.4,638,639,639,640,629
1.44,639,639,639,640,630
1.48,638,639,639,640,629
1.52,639,639,639,640,630
1.56,639,639,639,640,630
1.6,639,639,639,640,630
1.64,638,639,639,640,630
1.68,638,639,639,640,629
1.72,638,639,639,640,629
1.76,638,638,639,640,629
1.8,638,638,639,639,629
1.84,638,638,639,639,629
1.88,638,638,639,639,629
1.92,637,638,638,639,628
1.96,637,638,638,639,628
2.0,637,638,638,639,628
2.04,637,637,638,639,628
2.08,637,637,638,638,628
2.12,637,637,638,638,628
2.16,637,637,638,638,628
2.2,637,637,638,639,628
2.24,637,637,638,639,628
2.28,637,638,638,639,628
2.32,637,638,638,639,629
2.36,638,638,639,639,629
2.4,638,638,639,640,629
2.44,638,638,639,640,629
2.48,638,638,639,640,629
2.52,638,638,639,640,629
2.56,638,638,639,640,629
2.6,638,638,639,640,629
2.64,638,638,639,639,629
2.68,638,638,639,639,629
2.72,638,638,639,640,629
2.76,638,638,639,640,629
2.8,638,638,639,640,629
2.84,638,638,639,640,629
2.88,638,638,639,640,629
2.92,638,639,639,640,629
2.96,638,638,639,640,629
3.0,638,639,639,640,629
3.04,638,638,639,640,629
3.08,638,638,639,640,629
3.12,638,638,639,640,629
3.16,638,638,639,640,629
3.2,638,638,639,640,629
3.24,638,638,639,639,629
3.28,638,638,639,639,629
3.32,638,638,639,639,629
3.36,638,638,639,639,628
3.4,637,638,638,639,628
3.44,637,637,638,639,628
3.48,638,639,639,640,629
3.52,638,639,639,640,629
3.56,637,638,638,639,628
3.6,637,638,638,639,628
3.64,637,638,638,639,628
3.68,636,637,638,639,627
3.72,637,637,638,639,628
3.76,636,636,637,638,627
3.8,635,636,637,638,626
3.84,636,636,637,638,627
3.88,636,636,637,638,626
3.92,636,636,637,638,626
3.96,636,636,637,638,627
4.0,635,636,637,638,626
4.04,636,636,637,638,627
4.08,636,637,637,638,627
4.12,636,637,637,638,627
4.16,636,637,637,639,627
4.2,636,637,637,638,627
4.24,637,638,638,639,628
4.28,638,638,639,640,629
4.32,638,639,639,640,629
4.36,638,639,639,640,629
4.4,638,639,639,640,629
4.44,638,639,639,640,629
4.48,638,639,639,640,629
4.52,638,639,639,640,629
4.56,638,639,639,640,629
4.6,638,638,639,640,629
4.64,638,638,639,640,629
4.68,638,639,639,640,629
4.72,638,638,639,640,629
4.76,638,639,639,640,629
4.8,638,639,639,640,629
4.84,638,638,639,640,629
4.88,638,638,639,640,629
4.92,638,638,639,640,629
4.96,637,638,638,639,628
5.0,637,638,638,639,628
5.04,637,638,638,639,628
5.08,637,637,638,639,628
5.12,637,637,638,639,628
5.16,636,637,637,638,627
5.2,636,637,637,638,627
5.24,636,637,637,638,627
5.28,636,637,637,638,627
5.32,636,637,637,638,627
5.36,636,637,637,638,627
5.4,636,637,637,638,627
5.44,636,637,637,638,628
5.48,636,637,637,638,628
5.52,636,637,637,638,628
5.56,636,637,637,638,628
5.6,636,637,637,638,627
5.64,636,637,637,638,627
5.68,636,637,637,638,627
5.72,636,637,637,638,627
5.76,636,637,637,638,627
5.8,636,637,637,638,627
5.84,636,637,637,638,627
5.88,636,636,637,638,627
5.92,635,636,636,638,627
5.96,635,636,636,637,626
6.0,635,635,636,637,626
6.04,635,636,636,637,626
6.08,635,636,636,638,626
6.12,636,637,637,638,627
6.16,636,637,637,639,627
6.2,636,637,637,638,627
6.24,636,636,637,638,627
6.28,635,636,636,637,626
6.32,634,634,635,636,625
6.36,633,634,634,635,624
6.4,633,634,634,635,624
6.44,632,633,634,635,623
6.48,632,633,633,634,622
6.52,631,632,632,633,622
6.56,631,632,632,633,622
6.6,631,632,632,633,622
6.64,631,632,632,633,622
6.68,631,632,632,633,622
6.72,631,632,632,633,621
6.76,631,632,632,633,622
6.8,631,632,632,633,622
6.84,632,632,633,634,622
6.88,632,633,633,634,623
6.92,631,632,632,633,622
6.96,632,633,633,634,623
7.0,632,633,633,634,623
7.04,632,633,633,634,623
7.08,633,634,634,635,624
7.12,634,634,634,635,625
7.16,634,634,635,636,625
7.2,634,635,635,636,625
7.24,635,635,636,636,626
7.28,635,635,636,637,626
7.32,636,636,636,637,627
7.36,636,636,637,637,627
7.4,636,636,637,638,627
7.44,636,637,637,638,627
7.48,637,637,637,638,628
7.52,637,637,637,638,628
7.56,637,637,638,638,628
7.6,637,637,638,638,628
7.64,637,637,638,638,628
7.68,637,637,638,638,628
7.72,637,637,638,638,628
7.76,637,637,637,638,628
7.8,637,637,637,638,628
7.84,636,637,637,638,627
7.88,636,637,637,638,627
7.92,636,637,637,638,627
7.96,636,636,637,638,627
8.0,636,636,637,638,627
8.04,635,636,636,637,626
8.08,634,635,635,636,626
8.12,634,635,635,636,625
8.16,634,635,635,636,625
8.2,634,635,635,636,625
8.24,634,634,635,635,625
8.28,634,634,634,635,625
8.32,634,634,634,635,625
8.36,634,634,635,635,625
8.4,634,634,635,635,625
8.44,634,634,635,635,625
8.48,634,634,635,635,625
8.52,634,635,635,636,625
8.56,634,634,635,636,625
8.6,634,635,635,636,625
8.64,634,634,635,635,625
8.68,634,634,635,635,625
8.72,634,635,635,636,625
8.76,634,635,635,636,625
8.8,634,635,635,636,625
8.84,634,635,635,636,625
8.88,634,635,635,636,625
8.92,634,635,635,636,625
8.96,635,635,635,636,626
9.0,635,635,635,636,626
9.04,635,635,636,636,626
9.08,635,635,636,636,626
9.12,635,635,636,637,626
9.16,635,635,635,636,626
9.2,635,636,636,637,626
9.24,636,636,637,637,626
9.28,636,636,637,638,626
9.32,635,636,636,637,626
9.36,635,636,636,637,626
9.4,635,635,636,637,625
9.44,634,635,635,636,625
9.48,635,635,636,637,625
9.52,635,635,636,637,625
9.56,634,635,636,637,625
9.6,634,634,635,636,625
9.64,634,634,635,636,625
9.68,635,635,636,636,625
9.72,635,635,636,637,625
9.76,635,635,636,637,625
9.8,635,635,636,637,625
9.84,635,635,636,636,625
9.88,635,635,636,636,625
9.92,633,634,634,635,624
9.96,633,633,634,634,623
10.0,632,633,633,634,623
10.04,632,633,633,634,623
10.08,632,632,633,634,622
10.12,632,632,633,633,622
10.16,631,632,632,633,622
10.2,631,632,632,633,622
10.24,632,632,633,634,622
10.28,631,632,633,634,622
10.32,632,633,633,634,622
10.36,632,632,633,634,622
10.4,632,633,634,634,623
10.44,632,633,634,634,623
10.48,632,633,634,635,623
10.52,632,633,634,634,623
10.56,632,632,633,634,623
10.6,632,633,633,634,623
10.64,632,632,633,633,623
10.68,632,632,633,633,623
10.72,632,633,633,634,623
10.76,632,633,633,633,623
10.8,633,633,634,634,623
10.84,633,634,634,635,624
10.88,633,633,634,634,623
10.92,633,633,634,634,623
10.96,633,633,634,634,623
11.0,633,634,634,635,623
11.04,633,634,634,635,623
11.08,633,634,634,635,624
11.12,633,634,634,635,624
11.16,634,635,635,636,625
11.2,635,635,636,636,626
11.24,635,636,636,636,626
11.28,635,636,636,637,626
11.32,635,635,636,636,626
11.36,635,635,636,636,626
11.4,635,636,636,637,626
11.44,636,636,636,637,627
11.48,637,637,638,638,628
11.52,637,637,637,638,628
11.56,637,637,637,638,628
11.6,637,637,637,638,628
11.64,637,637,637,638,628
11.68,637,637,637,638,628
11.72,637,637,637,638,628
11.76,636,637,637,638,627
11.8,636,636,637,637,627
11.84,636,636,636,637,627
11.88,635,636,636,637,626
11.92,635,635,636,636,626
11.96,634,635,635,636,625
12.0,634,635,635,636,625
12.04,634,634,635,635,625
12.08,634,634,635,635,625
12.12,633,634,634,635,625
12.16,633,634,634,635,625
12.2,633,634,634,635,624
12.24,633,634,634,635,624
12.28,633,634,634,635,624
12.32,633,633,634,634,624
12.36,633,634,634,635,624
12.4,633,633,634,634,624
12.44,633,633,634,634,624
12.48,633,634,634,635,624
12.52,633,634,634,635,624
12.56,633,634,634,635,624
12.6,634,634,635,635,625
12.64,634,635,635,636,626
12.68,635,636,636,637,626
12.72,636,636,637,637,627
12.76,636,637,637,638,627
12.8,637,637,638,638,628
12.84,637,638,638,639,628
12.88,637,638,638,639,628
12.92,637,638,638,639,628
12.96,635,636,636,637,627
13.0,634,635,635,636,626
13.04,632,633,633,633,623
13.08,631,631,632,632,622
13.12,630,631,631,632,622
13.16,630,630,631,631,621
13.2,630,630,631,632,621
13.24,629,629,630,630,620
13.28,629,629,630,631,620
13.32,628,628,629,629,619
13.36,627,627,628,628,619
13.4,626,627,627,627,618
13.44,626,626,627,627,618
13.48,626,626,627,627,618
13.52,626,626,626,626,617
13.56,627,627,627,627,619
13.6,627,627,628,628,619
13.64,628,628,628,628,619
13.68,628,628,629,629,620
13.72,628,628,629,629,620
13.76,628,628,629,629,620
13.8,627,628,628,628,619
13.84,628,628,629,629,619
13.88,627,628,628,628,619
13.92,626,627,627,627,618
13.96,626,627,627,627,618
14.0,628,629,629,629,619
14.04,630,631,631,632,620
14.08,630,631,632,632,621
14.12,633,633,634,634,623
14.16,635,635,636,636,626
14.2,637,638,638,638,628
14.24,639,639,640,640,630
14.28,641,641,642,642,632
14.32,643,643,644,644,634
14.36,643,643,644,644,634
14.4,644,644,645,645,635
14.44,644,644,645,646,635
14.48,645,645,645,646,636
14.52,645,645,646,646,636
14.56,644,644,645,646,635
14.6,643,643,644,645,634
14.64,641,642,642,643,632
14.68,640,641,641,642,630
14.72,638,638,639,639,628
14.76,639,639,640,640,630
14.8,640,640,640,641,629
14.84,638,638,639,639,628
14.88,637,637,637,638,627
14.92,637,637,638,638,627
14.96,636,636,636,637,626
15.0,635,635,635,636,625
15.04,634,634,634,635,624
15.08,634,635,636,636,625
15.12,634,634,635,635,624
15.16,634,635,635,636,624
15.2,635,635,635,636,625
15.24,634,635,635,636,624
15.28,635,635,636,636,624
15.32,634,634,635,636,624
15.36,633,634,634,635,624
15.4,633,634,634,635,624
15.44,633,633,634,634,624
15.48,633,633,634,635,624
15.52,633,634,634,635,624
15.56,634,634,634,635,624
15.6,634,634,635,635,624
15.64,633,633,633,634,624
15.68,633,633,634,634,624
15.72,634,634,634,635,624
15.76,634,634,635,635,625
15.8,634,634,635,635,624
15.84,635,635,636,636,625
15.88,635,635,636,636,625
15.92,634,635,635,636,625
15.96,634,635,635,636,625
16.0,634,635,635,636,625
16.04,635,635,635,636,625
16.08,634,634,634,635,624
16.12,633,634,634,635,624
16.16,633,633,634,634,623
16.2,632,633,633,634,623
16.24,632,633,633,633,623
16.28,632,632,633,633,623
16.32,632,633,633,633,623
16.36,632,633,633,633,623
16.4,632,633,633,634,623
16.44,632,633,633,634,623
16.48,632,633,633,633,623
16.52,632,632,633,633,623
16.56,633,633,633,634,623
16.6,633,633,634,634,624
16.64,633,633,633,634,624
16.68,633,634,634,634,624
16.72,633,634,634,634,624
16.76,634,634,634,635,625
16.8,633,633,634,634,624
16.84,633,633,634,634,624
16.88,633,633,634,634,624
16.92,632,633,633,634,623
16.96,632,633,633,634,623
17.0,632,633,633,633,623
17.04,632,633,633,633,623
17.08,632,633,633,633,623
17.12,632,632,633,633,623
17.16,632,632,633,633,623
17.2,632,632,632,633,622
17.24,631,632,632,633,622
17.28,631,632,632,633,622
17.32,631,631,632,632,622
17.36,631,631,632,632,621
17.4,631,631,632,632,622
17.44,631,632,632,633,622
17.48,631,632,632,633,622
17.52,631,632,632,633,622
17.56,631,632,632,633,622
17.6,632,632,632,633,622
17.64,632,633,633,634,623
17.68,632,632,633,633,623
17.72,632,632,633,633,623
17.76,632,633,633,634,623
17.8,634,634,635,635,624
17.84,635,636,636,637,626
17.88,636,637,637,638,626
17.92,637,637,638,639,627
17.96,638,638,639,640,628
18.0,638,639,639,640,628
18.04,637,637,638,639,627
18.08,636,637,637,638,626
18.12,636,637,637,638,626
18.16,636,637,637,638,626
18.2,636,636,637,638,626
18.24,636,637,637,638,626
18.28,637,637,638,639,627
18.32,636,637,637,638,626
18.36,636,637,637,638,627
18.4,637,637,638,638,628
18.44,637,637,638,639,628
18.48,636,637,637,638,627
18.52,635,635,636,636,626
18.56,635,635,635,636,626
18.6,634,635,635,636,625
18.64,634,635,635,635,625
18.68,634,634,635,635,625
18.72,633,634,634,634,624
18.76,633,633,634,634,624
18.8,632,632,633,633,624
18.84,631,631,632,632,622
18.88,630,631,631,631,622
18.92,629,629,630,630,620
18.96,629,629,630,630,620
19.0,629,630,630,631,621
19.04,630,630,631,631,621
19.08,627,628,628,629,619
19.12,626,627,627,628,617
19.16,626,627,627,627,617
19.2,626,627,627,628,617
19.24,626,627,627,628,617
19.28,627,627,627,628,617
19.32,626,627,627,627,617
19.36,625,626,626,627,616
19.4,625,626,626,626,616
19.44,625,625,626,626,615
19.48,624,625,625,626,615
19.52,623,624,625,625,614
19.56,621,622,622,623,612
19.6,620,621,622,622,611
19.64,619,620,620,621,610
19.68,620,621,621,621,610
19.72,621,621,622,622,611
19.76,622,623,623,624,612
19.8,623,624,625,625,614
19.84,624,624,625,625,614
19.88,623,623,624,624,614
19.92,622,623,623,623,614
19.96,622,622,623,622,613
20.0,622,622,623,623,614
20.04,622,622,623,623,613
20.08,623,623,623,623,614
20.12,623,624,624,624,614
20.16,625,625,625,625,615
20.2,624,625,625,625,615
20.24,625,625,625,625,615
20.28,625,626,626,626,616
20.32,626,626,626,626,616
20.36,627,627,627,628,618
20.4,628,628,629,629,619
20.44,628,628,629,629,619
20.48,629,629,629,630,619
20.52,629,630,630,630,620
20.56,629,630,630,631,620
20.6,630,630,631,631,620
20.64,629,629,630,630,619
20.68,629,630,630,630,620
20.72,628,629,629,630,619
20.76,628,628,629,629,619
20.8,627,627,628,628,618
20.84,628,628,629,629,619
20.88,628,629,629,629,619
20.92,629,629,630,630,619
20.96,629,629,630,630,620
21.0,629,629,629,630,619
21.04,629,629,630,630,620
21.08,629,630,630,630,620
21.12,629,630,630,631,620
21.16,629,630,630,631,620
21.2,629,629,630,630,620
21.24,629,630,630,631,620
21.28,629,630,630,631,620
21.32,629,630,630,631,620
21.36,629,630,630,630,619
21.4,629,630,630,630,620
21.44,629,629,630,630,619
21.48,629,630,630,630,620
21.52,630,630,631,631,620
21.56,630,631,631,632,621
21.6,631,631,632,632,622
21.64,631,632,632,632,622
21.68,631,631,632,632,622
21.72,631,631,632,632,622
21.76,631,631,632,632,622
21.8,631,631,631,632,622
21.84,630,631,631,632,621
21.88,630,631,631,632,621
21.92,630,631,631,631,621
21.96,630,630,631,631,621
22.0,630,630,631,631,620
22.04,629,630,630,631,620
22.08,629,630,630,631,620
22.12,629,630,630,630,620
22.16,629,630,630,630,620
22.2,629,629,630,630,620
22.24,629,630,630,631,620
22.28,629,630,630,631,620
22.32,629,630,630,631,620
22.36,629,630,630,631,620
22.4,629,630,630,631,620
22.44,629,629,630,630,619
22.48,628,629,629,630,619
22.52,629,629,630,631,620
22.56,631,631,632,632,622
22.6,633,634,634,635,624
22.64,637,637,637,638,628
22.68,639,640,640,641,630
22.72,642,642,643,644,633
22.76,642,643,644,645,633
22.8,641,641,642,644,632
22.84,639,640,641,642,631
22.88,638,638,639,640,629
22.92,636,637,637,638,627
22.96,634,634,635,636,625
23.0,632,633,633,634,623
23.04,630,630,631,631,621
23.08,629,629,629,630,619
23.12,629,629,630,630,619
23.16,628,629,629,630,618
23.2,629,630,631,632,619
23.24,629,629,630,631,618
23.28,627,628,629,630,617
23.32,627,628,629,630,616
23.36,627,628,629,630,617
23.4,625,626,626,627,616
23.44,626,626,627,627,616
23.48,626,626,627,627,617
23.52,627,628,628,628,618
23.56,629,629,630,630,619
23.6,631,631,632,632,621
23.64,633,633,634,635,623
23.68,634,634,635,635,624
23.72,634,635,635,636,625
23.76,634,634,635,636,624
23.8,634,634,635,636,624
23.84,633,634,634,635,624
23.88,631,632,632,632,622
23.92,631,631,632,632,622
23.96,629,630,630,630,620
24.0,628,628,628,628,618
24.04,627,628,628,629,618
24.08,626,627,627,627,617
24.12,626,626,627,627,616
24.16,627,627,627,628,617
24.2,628,628,628,629,618
24.24,627,628,628,629,617
24.28,627,627,628,628,617
24.32,626,627,627,628,617
24.36,626,627,627,627,616
24.4,626,627,628,628,616
24.44,627,628,628,629,617
24.48,628,629,630,630,618
24.52,631,632,632,633,621
24.56,633,634,634,635,623
24.6,635,635,636,637,625
24.64,635,635,636,636,625
24.68,635,635,636,636,624
24.72,635,635,636,637,624
24.76,632,632,633,634,622
24.8,632,633,633,634,622
24.84,632,632,633,633,622
24.88,630,631,631,632,621
24.92,632,632,633,633,622
24.96,632,633,633,634,623
25.0,633,634,634,635,624
25.04,633,633,634,635,624
25.08,632,632,633,634,623
25.12,630,631,631,632,621
25.16,631,632,632,633,622
25.2,630,630,631,631,620
25.24,631,631,631,632,621
25.28,630,631,631,632,621
25.32,630,630,631,631,621
25.36,630,630,630,631,620
25.4,630,630,631,631,620
25.44,630,631,631,632,620
25.48,630,630,631,631,620
25.52,629,629,630,630,619
25.56,628,629,630,630,619
25.6,628,628,629,629,618
25.64,627,627,628,628,617
25.68,627,628,628,629,618
25.72,627,628,628,628,617
25.76,627,628,628,628,618
25.8,627,627,628,628,617
25.84,627,627,628,628,617
25.88,628,628,629,629,618
25.92,628,629,629,629,619
25.96,629,630,630,631,620
26.0,630,630,631,631,620
26.04,630,630,631,631,621
26.08,630,630,631,631,620
26.12,629,629,629,630,619
26.16,629,629,630,630,619
26.2,630,630,630,631,620
26.24,630,630,630,631,620
26.28,630,630,631,631,621
26.32,630,630,630,631,620
26.36,629,630,630,631,620
26.4,630,630,631,631,620
26.44,630,630,631,632,620
26.48,630,630,631,631,621
26.52,629,629,630,631,620
26.56,627,628,628,629,618
26.6,627,627,628,629,617
26.64,626,626,627,628,616
26.68,625,626,626,627,616
26.72,622,623,623,624,613
26.76,619,620,621,621,610
26.8,619,619,620,620,610
26.84,618,619,619,620,609
26.88,620,620,621,621,610
26.92,621,622,622,622,612
26.96,621,622,623,623,612
27.0,623,623,624,624,613
27.04,624,624,625,625,614
27.08,625,625,626,626,615
27.12,625,626,626,626,615
27.16,628,628,629,629,618
27.2,629,629,629,630,619
27.24,628,628,629,629,618
27.28,628,628,628,629,618
27.32,628,628,628,629,618
27.36,628,628,629,629,619
27.4,629,629,629,630,619
27.44,629,629,629,630,619
27.48,628,628,629,629,618
27.52,627,628,628,629,618
27.56,627,628,628,629,617
27.6,626,627,627,628,617
27.64,625,626,626,626,615
27.68,625,626,626,626,616
27.72,625,626,626,627,616
27.76,624,625,625,626,615
27.8,623,624,624,625,614
27.84,623,624,624,625,614
27.88,624,624,625,625,614
27.92,624,624,624,625,614
27.96,623,624,624,625,614
28.0,624,624,625,625,615
28.04,624,625,625,625,615
28.08,624,625,625,625,615
28.12,624,625,625,626,615
28.16,624,625,625,625,615
28.2,625,625,625,626,615
28.24,625,625,625,626,615
28.28,625,626,626,627,616
28.32,625,626,626,627,616
28.36,625,626,626,627,615
28.4,626,626,627,627,616
28.44,626,626,627,627,616
28.48,627,628,628,629,617
28.52,628,628,629,629,618
28.56,627,628,628,629,618
28.6,629,629,630,630,619
28.64,629,630,630,631,619
28.68,629,629,630,631,619
28.72,629,629,630,631,619
28.76,629,630,630,631,619
28.8,629,630,630,631,619
28.84,630,630,631,631,620
28.88,630,630,631,631,620
28.92,630,631,631,632,621
28.96,631,631,632,632,621
29.0,631,632,632,633,622
29.04,631,632,632,633,622
29.08,631,632,632,633,622
29.12,631,632,632,633,622
29.16,632,632,633,633,622
29.2,632,632,633,634,622
29.24,632,632,633,633,622
29.28,631,632,632,633,622
29.32,631,632,632,633,621
29.36,631,631,632,632,621
29.4,629,630,630,631,619
29.44,628,628,629,629,618
29.48,627,628,628,629,618
29.52,627,628,628,629,617
29.56,628,629,629,630,618
29.6,629,629,629,630,619
29.64,628,629,629,630,619
29.68,628,629,629,630,619
29.72,628,629,629,630,618
29.76,627,628,628,629,618
29.8,627,627,628,628,617
29.84,626,627,627,628,616
29.88,625,626,626,627,615
29.92,623,624,625,625,614
29.96,623,624,624,624,613
30.0,622,623,624,624,613
30.04,622,623,623,623,613
30.08,622,623,623,623,613
30.12,621,622,622,622,612
30.16,621,622,622,622,611
30.2,619,620,620,620,609
30.24,616,616,617,616,605
30.28,612,613,613,613,602
30.32,611,611,612,611,601
30.36,611,612,612,612,602
30.4,614,615,615,615,604
30.44,619,620,620,620,609
30.48,622,623,623,624,612
30.52,624,625,625,625,613
30.56,626,627,627,628,615
30.6,628,629,629,630,618
30.64,629,630,630,631,619
30.68,633,633,634,635,623
30.72,634,635,635,636,625
30.76,635,636,636,637,626
30.8,632,633,633,634,623
30.84,629,629,630,630,620
30.88,626,627,627,628,617
30.92,624,624,625,625,614
30.96,622,622,623,623,612
31.0,621,622,622,623,612
31.04,620,621,621,621,611
31.08,620,621,621,621,611
31.12,620,621,621,621,611
31.16,620,621,621,621,610
31.2,620,621,621,622,611
31.24,620,621,621,622,610
31.28,619,620,620,620,609
31.32,618,619,620,620,608
31.36,618,619,619,620,608
31.4,618,619,619,619,608
31.44,619,619,620,620,610
31.48,620,621,622,622,611
31.52,620,621,621,622,611
31.56,620,621,621,621,611
31.6,619,620,620,620,611
31.64,619,620,620,620,610
31.68,618,619,619,619,609
31.72,617,617,618,618,608
31.76,615,616,616,616,606
31.8,616,617,617,617,606
31.84,617,618,619,619,608
31.88,619,620,620,621,609
31.92,620,621,621,622,610
31.96,621,622,623,623,612
32.0,622,623,623,623,613
32.04,623,624,624,625,614
32.08,623,624,625,625,614
32.12,623,624,624,625,614
32.16,623,624,624,625,614
32.2,621,622,622,622,612
32.24,619,619,620,620,610
32.28,617,618,619,619,608
32.32,616,617,618,618,607
32.36,616,617,618,618,607
32.4,617,618,618,618,608
32.44,617,618,619,619,608
32.48,618,619,619,620,609
32.52,617,618,618,619,608
32.56,617,618,619,619,608
32.6,618,619,620,620,609
32.64,618,619,620,620,608
32.68,619,620,620,621,609
32.72,619,620,620,621,609
32.76,619,620,620,621,609
32.8,620,621,621,621,610
32.84,620,621,621,622,610
32.88,620,621,622,622,610
32.92,620,621,622,622,610
32.96,620,621,622,622,610
33.0,620,621,622,622,610
33.04,620,621,621,621,610
33.08,620,621,621,621,610
33.12,619,620,621,621,609
33.16,619,620,621,621,609
33.2,619,620,621,621,609
33.24,619,620,621,621,609
33.28,619,620,620,621,609
33.32,619,620,620,621,609
33.36,619,620,621,621,610
33.4,620,621,621,621,610
33.44,620,621,621,622,610
33.48,620,621,621,622,610
33.52,620,621,622,622,611
33.56,620,621,622,622,611
33.6,620,621,622,622,611
33.64,621,622,622,622,611
33.68,621,622,622,623,611
33.72,621,621,622,622,611
33.76,621,622,622,622,611
33.8,621,622,622,623,611
33.84,621,622,622,623,611
33.88,621,622,622,623,611
33.92,621,622,622,623,611
33.96,621,622,623,623,612
34.0,621,622,623,623,612
34.04,621,622,623,623,612
34.08,622,622,623,623,612
34.12,622,623,623,624,612
34.16,622,623,623,624,612
34.2,622,623,623,624,612
34.24,622,623,623,624,612
34.28,622,623,623,624,612
34.32,622,623,623,624,612
34.36,622,623,623,624,612
34.4,622,623,623,624,612
34.44,622,623,624,624,613
34.48,622,623,623,624,612
34.52,623,624,625,625,614
34.56,625,625,626,626,615
34.6,625,626,626,627,615
34.64,625,626,626,627,615
34.68,625,626,626,627,615
34.72,624,625,626,626,614
34.76,625,626,627,627,615
34.8,626,627,627,628,616
34.84,628,628,629,630,618
34.88,629,630,631,632,619
34.92,630,631,632,633,620
34.96,632,633,633,634,622
35.0,632,633,633,634,622
35.04,632,633,634,634,622
35.08,633,633,634,635,623
35.12,632,632,633,634,622
35.16,631,632,632,633,621
35.2,630,630,631,632,620
35.24,628,629,629,630,618
35.28,627,628,628,629,618
35.32,627,628,629,630,618
35.36,627,627,628,629,617
35.4,627,627,628,629,616
35.44,626,627,628,629,616
35.48,626,627,628,629,616
35.52,625,626,627,628,615
35.56,624,625,626,627,614
35.6,624,625,626,626,614
35.64,623,624,625,626,614
35.68,623,624,624,625,613
35.72,622,623,623,624,612
35.76,622,623,623,624,612
35.8,622,623,623,624,612
35.84,622,623,623,624,612
35.88,620,622,622,623,611
35.92,620,621,621,622,609
35.96,619,621,621,621,609
36.0,620,621,621,622,610
36.04,620,621,621,622,609
36.08,620,621,621,622,610
36.12,620,621,621,622,609
36.16,619,620,621,621,609
36.2,618,620,620,620,608
36.24,619,620,620,621,609
36.28,620,621,621,621,610
36.32,621,622,622,623,611
36.36,621,622,622,623,611
36.4,621,622,622,623,611
36.44,621,621,622,622,611
36.48,620,620,621,621,610
36.52,617,618,618,618,607
36.56,616,617,617,618,606
36.6,617,618,618,619,607
36.64,617,619,619,620,607
36.68,617,618,618,619,606
36.72,617,618,618,619,606
36.76,616,617,618,618,606
36.8,617,619,619,620,607
36.84,619,620,620,621,609
36.88,621,622,623,623,612
36.92,623,624,624,625,614
36.96,626,626,627,628,617
37.0,628,628,629,629,619
37.04,629,629,630,631,619
37.08,629,630,630,631,620
37.12,629,630,630,631,619
37.16,627,628,629,630,617
37.2,628,628,629,630,616
37.24,626,627,628,629,615
37.28,625,626,627,628,614
37.32,623,624,625,626,612
37.36,621,622,622,623,610
37.4,620,620,621,622,609
37.44,619,620,620,621,608
37.48,618,619,620,620,608
37.52,618,619,619,620,608
37.56,619,619,620,621,608
37.6,619,620,620,621,608
37.64,618,619,620,620,608
37.68,619,620,620,621,608
37.72,619,620,620,621,609
37.76,620,621,622,622,610
37.8,620,620,621,621,609
37.84,620,621,621,622,610
37.88,620,621,622,622,610
37.92,620,621,622,622,610
37.96,620,621,621,622,610
38.0,623,623,624,625,612
38.04,622,623,624,624,612
38.08,621,622,622,623,611
38.12,621,622,622,623,611
38.16,621,622,622,623,611
38.2,621,622,623,623,612
38.24,622,622,623,623,612
38.28,622,623,623,624,612
38.32,623,624,624,625,613
38.36,624,625,625,626,614
38.4,625,626,626,627,615
38.44,626,626,627,628,616
38.48,626,626,627,628,616
38.52,624,625,625,626,615
38.56,620,620,621,621,610
38.6,614,614,615,615,605
38.64,609,610,610,610,599
38.68,607,608,608,608,597
38.72,606,607,607,607,596
38.76,606,607,607,607,597
38.8,608,608,609,609,598
38.84,607,608,608,608,597
38.88,607,608,608,608,597
38.92,608,609,609,609,598
38.96,609,610,610,611,599
39.0,611,612,612,612,601
39.04,611,612,612,612,601
39.08,611,612,613,613,602
39.12,611,612,613,613,601
39.16,612,613,613,613,601
39.2,611,613,613,613,601
39.24,611,613,613,613,601
39.28,612,613,613,614,602
39.32,612,613,613,613,601
39.36,612,613,613,613,602
39.4,610,611,611,611,600
39.44,609,610,611,611,600
39.48,609,610,610,611,600
39.52,610,611,611,611,601
39.56,610,610,611,611,600
39.6,610,610,611,610,600
39.64,608,609,609,609,599
39.68,608,609,609,609,599
39.72,609,610,610,610,599
39.76,608,609,609,609,598
39.8,610,610,611,611,600
39.84,609,610,610,610,599
39.88,610,611,611,611,601
39.92,611,612,613,613,602
39.96,614,615,615,615,604
40.0,616,617,618,618,607
40.04,617,618,619,619,608
40.08,618,619,620,620,609
40.12,619,619,620,620,609
40.16,618,619,619,620,609
40.2,617,617,618,618,607
40.24,616,617,617,617,606
40.28,613,614,615,615,604
40.32,612,612,613,613,602
40.36,609,610,610,610,600
40.4,609,610,610,610,600
40.44,609,610,610,610,600
40.48,610,611,611,611,601
40.52,612,613,613,613,602
40.56,613,614,614,614,604
40.6,614,615,615,615,604
40.64,616,617,617,617,606
40.68,618,618,619,619,607
40.72,620,620,621,621,609
40.76,620,621,621,622,610
40.8,621,621,622,622,610
40.84,621,622,623,624,611
40.88,623,624,625,626,613
40.92,626,627,628,629,616
40.96,629,630,630,631,619
41.0,632,633,633,635,622
41.04,634,635,636,637,625
41.08,635,635,636,637,625
41.12,634,634,635,636,625
41.16,631,631,632,633,621
41.2,629,629,630,631,619
41.24,625,625,626,627,615
41.28,622,622,622,623,611
41.32,618,619,619,620,608
41.36,617,617,618,618,607
41.4,614,615,615,615,604
41.44,610,611,611,611,601
41.48,607,608,608,608,597
41.52,606,607,607,607,596
41.56,606,607,607,607,596
41.6,606,607,607,607,595
41.64,606,606,606,606,595
41.68,607,607,607,607,596
41.72,606,607,607,606,595
41.76,608,609,609,609,597
41.8,612,613,613,613,601
41.84,615,616,616,616,604
41.88,618,619,619,619,607
41.92,621,622,622,622,610
41.96,622,623,623,623,611
42.0,622,622,623,623,611
42.04,622,622,622,623,611
42.08,622,622,622,623,611
42.12,623,624,624,624,613
42.16,623,623,623,624,613
42.2,622,622,623,623,611
42.24,622,622,623,623,612
42.28,622,622,623,623,611
42.32,622,623,623,623,611
42.36,621,622,622,622,611
42.4,621,621,622,622,610
42.44,621,621,622,622,610
42.48,621,621,622,622,610
42.52,621,622,622,622,610
42.56,621,622,622,622,610
42.6,620,621,621,621,610
42.64,620,621,621,622,610
42.68,620,621,621,622,610
42.72,621,622,622,623,611
42.76,621,622,622,623,611
42.8,621,622,622,623,611
42.84,621,622,622,622,610
42.88,620,621,622,622,610
42.92,621,622,622,623,610
42.96,621,622,622,623,610
43.0,620,621,621,622,610
43.04,621,622,622,622,610
43.08,621,621,622,622,610
43.12,620,621,622,622,610
43.16,621,622,622,623,610
43.2,621,622,622,623,610
43.24,621,622,622,623,610
43.28,620,621,622,622,610
43.32,620,621,621,622,609
43.36,619,620,621,621,609
43.4,619,620,620,621,608
43.44,619,620,620,621,609
43.48,620,621,621,622,610
43.52,620,621,621,622,610
43.56,620,621,622,622,610
43.6,621,622,622,622,610
43.64,621,622,623,623,611
43.68,622,623,623,624,612
43.72,622,623,623,624,612
43.76,622,623,623,624,611
43.8,622,623,623,624,611
43.84,621,622,623,623,611
43.88,622,622,623,623,611
43.92,622,623,623,623,612
